username;first_name;last_name;email;phone_number;family_name;street_name;city;postcode
JP703x6p;Jan ;Pečeně;pecinka@atlas.cz;703198246;Pečeňovi;Masarykova 6;Praha-město;10100
PP608o9s;Pavlína ;Pečeňová;rostenka@atlas.cz;608403954;Pečeňovi;Masarykova 6;Praha-město;10100
HS603p4e;Honza;Skrbal;skrblik54@seznam.cz;603452108;Skrbalovi;Vavřínova 8;Praha 5;15000
LS723s87;Ludmila;Skrbalová;ludmilka02@gmail.com;723641483;Skrbalovi;Vavřínova 8;Praha 5;15000
PK608ll1;Pavel;Kulatý;kulatak@seznam.cz;608974506;Kulatí;Hlavní 9;Brno-město;60200
VK60285k;Veronika;Kulatá;veruni7@atlas.cz;602500193;Kulatí;Hlavní 9;Brno-město;60200
AN6087pl;Arnošt ;Nejezchleba;chlebicek@ham.cz;608774122;Nejezchlebovi;Viniční 12;Brno-Židenice;61500
SN60344m;Simona;Nejezchlebová;simonik85@ham.cz;603210048;Nejezchlebovi;Viniční 12;Brno-Židenice;61500
AN605bdw;Adam;Novotný;holitko78@atlas.cz;605552487;Novotní;Příkopy 14;Zábřeh;76001
EN704o83;Eva;Novotná;poupe741@seznam.cz;704145523;Novotní;Příkopy 14;Zábřeh;76001
FD608qs6;František;Dobrý;dobrak10@atlas.cz;608741236;Dobří;Ku dráze 1;Zábřeh;76001
BD60118i;Barbora;Dobrá;barborinek@seznam.cz;601210325;Dobří;Ku dráze 1;Zábřeh;76001
JS605aa2;Jiří;Skočdopole;dopoleskoc@hej.cz;605547759;Škočdopolovi;Bašty 15;Brno-město;60200
KS741d5o;Kristýna;Skočdopolová;kristi88@uje.cz;741025867;Škočdopolovi;Bašty 15;Brno-město;60200
PG701s1l;Přemysl;Galasch;guma8@atlas.cz;701211360;Galaschovi;Na špici 9;Praha-Stodůlky;15500
AG605s7l;Alena ;Galaschová;alenkakviti2@seznam.cz;605147778;Galaschovi;Na špici 9;Praha-Stodůlky;15500
JK601t2e;Jaroslav;Kmenta;kmentik7@mul.cz;601022539;Kmentovi;Melicharova 4;Postřelmov;78969
NK602t4e;Nikola;Kmentová;nikcapikca@mul.cz;602554099;Kmentovi;Melicharova 4;Postřelmov;78969
